barcode,R-INPUT1st-1,R-INPUT1st-2,R-INPUT2nd-1,R-INVITRO-F1,R-INVITRO-F2,R-INVITRO-F3,R-INVITRO-F4,R-INVITRO-F5,B1P1_DAY7F1,B1P1_DAY7F2,B1P1_DAY7F3,B1P1_DAY7F4,B1P1_DAY7F5,B1P1_INPUT1_1,B1P1_INPUT1_2,B1P1_INPUT1_3,B1P1_INPUT2_1,B1P1_INPUT2_2,B1P1_INPUT2_3,B2P2_DAY7F1,B2P2_DAY7F2,B2P2_DAY7F3,B2P2_DAY7F4,B2P2_DAY7F5,B2P2_INPUT1_1,B2P2_INPUT1_2,B2P2_INPUT2_1,B2P2_INPUT2_2
CGTGGATTGGAACAGCTTCT,14877,61112,182,127,105,148,111,141,155,119,161,92,100,76,82,115,65,88,47,49,88,85,109,83,413,573,862,1531
TTCTACCGAGTCCTCGTAGA,70,141,63,32,44,31,21,32,51,50,68,19,55,32,18,50,11,16,22,19,29,19,34,18,87,102,142,477
GGGCTTGGACTTAGTGAAAG,124,314,22641,14009,5099,5719,6175,21418,827,744,972,910,973,912,913,809,896,847,858,364,546,487,457,376,495,549,876,1338
AACGCTGACCACAAGTTCGA,31,24,55,27,37,58,22,38,40,43,53,20,28,14,22,38,19,27,18,428,534,606,632,556,1919,2221,2723,3161
GACCCAACAAAGTGTTCACC,203,231,6027,9132,4214,3715,4731,8851,48898,42509,38679,46318,47350,19378,17960,15783,20290,20801,21131,54620,61598,82660,84840,81735,116357,132057,164722,182228
GTGGTACACTATACGGTTGC,188,471,12846,13615,5874,5757,6949,16255,83352,74139,78081,81301,80915,28754,26948,23253,28361,29433,29611,145,193,193,205,160,444,548,711,1526
AACGACACATGGACGTACCA,679,2621,41413,35002,16913,14408,20376,37296,62277,53894,47792,61740,57318,36002,33852,29902,37473,38956,39451,5667,7146,8798,8745,8651,18226,20721,25989,29952
TTAGCGTCTCCCTACACCTT,853,3089,37823,49852,22148,19222,25451,56341,90946,77057,78113,86930,82820,45256,42727,37934,44441,46577,47504,20694,27757,31369,29538,26811,23137,26730,36423,40592
TAGCGGCTTCCCTAACCATA,79,70,47264,22168,9451,8957,11220,25596,6778,5557,5899,6610,6119,4637,4324,3894,4602,4812,4846,14258,18384,21522,20596,19950,43997,49927,65980,73909
TCGTGTCAACAGTGCGACTA,79,99,331,170,204,127,163,222,658,587,482,607,608,1538,1600,1278,1637,1638,1648,643,901,1018,925,927,3072,3545,4231,5654
CCGTCACGACCGGCTGAAAT,26,81,13255,29849,13987,12347,16521,32594,15462,13542,12608,15824,15635,18084,16689,14371,18223,18640,18464,8942,10661,13432,13293,13421,10701,11684,15256,17214
AGGTTTATATCATCAGCGCT,21,48,7012,10257,3565,3924,3916,16772,2570,2476,3154,3027,3430,3301,2980,2559,2850,2937,3001,3055,4062,3969,3330,2968,959,1061,1667,1860
GTGCTGACCAATCGACCAAG,59,180,8859,21299,9027,7617,10761,20791,6052,5421,4903,5995,5617,7347,6887,5896,7380,7511,7687,3871,4688,6008,5664,5819,4403,4857,6041,6831
CTCATCCTGCGAACCAAGTG,69,246,18007,44659,20801,17624,24495,47276,6880,6222,5779,6999,6852,8395,7886,6886,8720,8846,9141,4757,5940,7413,6886,7184,5341,6178,7685,8803
TGAAGGTAGACGGAGGATTT,13,28,5572,10701,4719,4282,5761,14869,11807,11297,12945,12975,13804,13965,13116,11535,13186,13508,13875,9805,12724,13578,12685,12348,5981,6858,10096,11322
ACCACCCGGACATGATCGTC,186,427,44578,121917,58607,46717,67751,119530,30477,26660,23897,29339,27630,32868,31409,27375,34342,35670,36216,20195,24913,31238,31640,31958,27225,30663,37273,41739
CGTGATAGACTAGCGCAAGG,102,348,33592,62469,24815,24753,29001,80587,10294,10095,11922,11879,12133,12691,11764,10141,12023,12595,12698,22603,30613,32092,28861,26011,9378,10428,15777,17498
ATTCCCGACGTTAACAGTAC,17,52,7865,16707,7000,6322,8293,20196,12643,11092,11118,12902,12622,17342,16080,13889,16643,17414,17389,8194,10353,11751,11502,10890,6028,6991,9256,10543
TGGCACCGGACCGTCTGAAA,47,175,6162,15311,6983,5735,8131,15635,8005,6824,6393,8037,7518,9824,9077,8086,10056,10638,10711,5520,7176,8922,8707,8500,7247,7858,9952,11604
CTAGACGCTGTAGTTCTGTA,48,160,18258,35508,15248,14796,18232,46408,8248,7648,8106,9089,9505,9791,8752,7928,9179,9511,9661,11798,14751,16806,15270,14883,6477,7277,10606,12015
CTGTCCATGCTTGCCTGTGA,134,603,9797,7376,3702,3299,4257,7865,14522,13277,12995,15221,14386,21078,19628,17523,21016,22106,22415,1475,1755,2149,2169,1952,1946,2169,3002,3451
CTAGTAAATGGAGCGGGCCA,26,124,574,306,120,108,124,320,17674,16298,17368,19216,20196,22914,21439,19044,22868,24060,23888,6119,7331,8739,7591,7691,5048,5749,7958,8793
CATAACTTGGATAGAAGTGC,119,433,27803,15111,6276,6243,7244,20699,8164,7676,8897,9479,10409,11626,10847,9177,10765,11169,11229,2205,2722,3064,2620,2460,1219,1360,2100,2503
GGTAGTTCGACGTGCCCTGA,189,687,26529,18389,7599,7554,9233,24128,6184,5902,6673,6951,7019,9364,8814,7684,8667,9136,9092,1646,2204,2394,2101,1883,1107,1260,1974,2167
TAGTATTGGCGGGACTCATC,164,632,13203,8648,3793,3777,4632,12208,7275,6719,7908,8232,8717,10800,10028,8609,9993,10322,10421,1013,1322,1442,1270,1250,871,949,1375,1601
TAATTGTACCTCTTCCCGGA,141,366,66284,42982,17176,17608,19437,65131,4205,3999,4800,4848,4964,7180,6617,5847,6633,6977,6830,694,1013,923,768,695,394,406,709,743
CACTGCATTTGCTTCCCTGC,162,561,12857,10181,4404,3856,4989,12585,9178,8238,9011,9985,9442,14099,13506,11579,13650,14054,14191,1619,2382,2567,2232,2043,1569,1707,2390,2830
CAAGACCTTAGTTTGATCTG,243,831,30093,17985,7336,7749,8495,27992,11366,11110,13326,13174,14379,15334,14279,12506,14623,15166,15161,59008,78049,81034,69994,62946,29789,34496,51880,58215
GCTGCAGGTTAAGATGTTCA,0,0,0,0,0,0,0,0,0,0,0,0,0,0,0,0,0,0,0,0,0,0,0,0,0,0,0,0
CTAACACGGTACTACTCATC,89,361,12344,9020,4172,3628,4848,10733,13417,12184,12598,14115,14341,18115,16756,15317,18138,18351,19148,1245,1593,1973,1775,1755,1678,1873,2483,2939
CCTCCCGTGAAAGTACTAAC,389,1546,110190,96634,45300,36861,53071,98606,29404,26761,25082,30551,29995,49318,47382,41686,51606,54030,54596,80336,97240,123594,122286,121859,60082,68701,88139,100235
TCTAGTTTAGAGCCTACACG,793,2237,94093,84119,35733,34733,41909,108281,33925,31438,33923,36450,38073,39596,36865,32702,38336,40031,40279,127342,157327,181108,167387,154973,60671,69936,97389,108516
TCTGGTGGTCTCCTATCTAG,47,127,11789,9441,4199,3799,4339,11820,1593,1441,1662,1635,1677,2177,2034,1791,2119,2036,2212,3770,4949,5403,4978,4633,1460,1745,2652,2837
CTTACGCCAGCGTTTGCAAT,16,66,1846,1417,671,585,802,1611,996,725,690,1019,918,1434,1385,1115,1329,1423,1373,1159,1500,1682,1807,1662,902,937,1424,1529
CGAACGGCGCAGTTAGTCAA,684,2626,95792,92262,44622,36746,54004,95120,51010,44762,40831,49510,46317,59118,55856,49808,61604,64881,64039,72515,88100,109647,110931,109079,72253,81631,100594,112203
GATTTAAACACCCAACGCTA,49,208,7615,5564,2824,2499,3145,6887,4845,4422,5130,5182,5880,5174,4796,4175,4955,5097,5071,9561,10675,12953,11493,11582,4824,5508,8103,9326
GGTACTCTTGAGTTGCAGAC,77,240,3046,1621,700,695,855,2103,5235,4831,5206,5818,6151,10220,9479,8385,9409,9947,9974,17121,21802,24069,21441,21208,6524,7265,10684,12529
ATGGGTAAGTAGCCTGAAGT,339,1447,105619,74750,33252,30041,40064,93267,17757,16708,16987,19327,18712,33899,31383,28020,33005,34218,34974,52023,64840,75841,72964,67784,29074,33330,44779,50147
ACTGCAACCGTCAATAGGAC,41,7,114,48,6,40,7,33,10924,9758,9275,11565,10982,19772,18972,17150,20024,21031,20978,27669,33294,41953,41309,42818,21870,24047,30048,34716
GTACTCAGCTCTGGTAGTGA,82,379,5271,2662,1477,1502,1878,3513,9624,8855,9651,10907,10878,20017,18429,16192,19526,20341,20217,18429,23241,27121,24713,23778,8722,9995,14138,15703
GGATCGGCGAATGAGCGTAC,0,0,0,0,0,0,0,0,0,0,0,0,0,0,0,0,0,0,0,0,0,0,0,0,0,0,0,0
CCTCGGGCAACCACTTGACA,109,314,20726,82239,38951,32619,43253,85441,21385,18827,17339,21844,19685,45411,42588,38008,46956,48746,49189,17049,21879,26672,27148,25800,14617,16485,20369,23296
TTAACGCATCCGCAGCCGTG,88,280,14525,48451,23205,19327,27208,50973,18381,15835,14746,18770,17430,33160,30641,27039,33224,34404,34772,20058,23203,30682,30258,30945,17041,19463,25140,28513
GAGTCGGTGAACCAGTTATT,22,74,7145,23393,10475,9405,12140,27573,6016,5230,5272,6393,6121,15839,14386,12626,14764,15524,15720,1498,1931,2090,2021,2013,997,1096,1566,1674
TGATTCGTGGAAATAATGCT,50,162,9820,25656,10336,10500,12119,36919,8364,8220,9683,10168,10614,18480,17255,15339,17408,18017,18182,7366,9552,10175,8837,8217,2718,3157,4643,5256
ATATCGCGCAAGTGGATGAG,122,412,19360,82832,39445,32472,47576,90582,9789,8705,7988,10427,9992,17445,16322,14532,17259,17990,18045,15042,17221,21859,21617,21668,13469,15342,18657,20800
TACTACGAGCGCACAGTTAA,154,290,9685,29912,13816,12125,16059,33516,20344,18173,16984,21451,19984,43296,40679,36014,44036,46121,46233,11918,15040,18163,17462,17520,9372,10761,13715,15680
GGGTGATCCTGATTCCAAAC,94,177,13451,31643,13100,12602,14918,40555,10804,9917,11011,12268,12136,26578,25535,22039,25213,25754,26281,16790,22275,22862,21539,18991,5173,5803,8431,9725
TCAGTAAGAGCCGGTTCGAA,211,618,28141,114360,51523,43185,57559,117366,20508,18463,18388,21607,20759,43699,40780,36291,44171,46202,46267,80948,103400,122067,115768,113471,50384,56757,74978,85467
CCGCTAATGAGGAATGTAGG,20,62,5854,18061,7810,6638,9508,19040,6803,6338,6169,7367,7188,13417,12561,10984,13881,14423,14357,4163,4951,5912,5945,5977,3394,3625,5076,5619
CCAGTGGATTTGTGTAGACC,40,9,679,416,146,198,198,480,1516,1515,1688,1692,1887,2641,2462,2084,2388,2558,2585,1108,1354,1480,1371,1306,541,605,1116,2446
TCCTCTTTGACCTCCCTAAA,4,20,1196,1029,482,450,558,1440,717,656,684,741,793,1554,1448,1308,1523,1473,1497,1064,1460,1571,1399,1348,491,567,770,859
ATTCGCAGTCTCGTAACCTC,5,22,873,890,430,335,437,998,764,692,664,814,783,1571,1501,1276,1571,1621,1571,891,1302,1356,1404,1305,643,764,1018,1194
AGCAATACGAATGGAGCATG,638,1919,123988,143155,63059,55227,75743,168363,55418,50103,51193,59868,58351,94689,89778,80160,94323,98052,98219,95481,120144,139570,134856,125178,59105,66978,91888,101903
ACATTACTCCGCTCCCGTTC,64,240,20492,25124,11160,9777,12302,28873,6948,6103,5817,7369,7088,13697,12784,11285,13324,13674,13936,20867,26758,31611,30528,29912,13688,15543,20335,23174
CAGTATGCCTCTGTATAGGT,194,671,59621,51113,21009,19788,22322,58895,45414,41936,44658,50320,47571,102963,97291,85938,100754,104538,105869,54419,73478,79818,75374,67430,28135,31181,44427,50380
ACGTGCTTGGATGGTCCGTT,16,36,365,303,126,124,173,400,880,736,724,830,799,1272,1116,1024,1207,1191,1296,557,693,810,834,698,492,613,811,1685
TAATCCCAACCGTTTGTCTT,4,22,2328,1631,675,682,849,2126,1525,1496,1580,1694,1854,3266,2991,2648,3163,3138,3262,2524,3122,3564,3247,3161,1194,1408,1980,2238
TGGATCTTAGGACGCAACAT,171,196,1314,1222,588,624,715,1338,946,874,848,1007,993,1749,1613,1343,1636,1712,1683,1306,1716,2006,1825,1897,1135,1324,1850,3908
CTTTGTGCACCCTTATAGTA,18,62,5414,5251,2261,1985,2631,6057,2894,2808,2745,3178,3352,5583,5136,4498,5219,5408,5583,6110,7029,8476,7874,8036,3529,4073,5903,6629
GATCGTGCTAGATTGACCTA,65,203,30261,22020,9009,8794,10939,22652,19915,16016,16342,19354,19595,12830,11910,10431,12730,13600,13227,7946,9988,11994,10718,10358,12732,14222,18926,21428
TACCGCTTATTATTACGTGG,770,2949,19,18,10,12,26,11,66296,56169,62935,59751,63643,19210,18114,16010,18738,19695,19776,2505,3178,3470,3282,3030,3049,3149,4672,5249
CTTCGCAAGATGAGTCTGAG,976,3866,42269,20146,7957,8245,9729,27366,54907,42350,44249,49520,51042,14402,13349,11597,13480,14038,14149,3422,4539,5019,4583,4214,5533,6321,8647,9689
TCGCTGAAGTCCTGGGATCA,2048,8561,80,60,49,19,57,55,51294,45706,45293,46408,45360,9578,8723,7945,9910,10419,10329,44890,55357,70577,67575,60764,49024,56296,73855,82532
CCAAGTACTAATGGTCGGAT,42594,176056,1243,1109,1398,1495,614,1644,3677,3585,4060,4155,4028,8506,7951,6879,8077,8435,8441,4968,6421,6778,6189,5674,3361,3776,5551,6398
CCTGCTATCTTATACCTCGG,39351,157333,10641,18676,8739,7863,8326,22490,17689,14969,16943,16918,17815,5270,4934,4411,5153,5536,5357,22058,27468,29888,28667,25331,10460,12409,17509,19949
CTCATCAGTGCACTATCCGC,128782,594282,8001,16156,8562,7563,8451,15674,63430,55090,53187,58936,57859,22616,21052,18780,23735,24506,24821,32701,40080,49821,49330,44469,32401,36683,47485,54159
AACTCTTTGCACGCTCGTCC,44825,186624,10419,7687,4200,3695,3703,8872,66122,51650,54234,58073,57137,13866,13346,11363,13787,14220,14797,34783,46231,53890,48682,42553,16840,19030,25683,29253
TTCTCTTCCCACTGGTTTCT,7222,28068,110,88,152,336,18,46,1288,1224,1338,1398,1413,1069,918,887,959,1014,1022,3116,4181,4393,4092,3348,3822,4430,6642,7585
TTAGCCGACATACACAGAAA,18537,81353,133,122,208,348,72,121,90886,74827,74508,82319,85910,24124,22272,20042,24475,25128,25539,7399,8949,11196,10792,10176,10792,12178,16323,18468
CGTCTAGAATTGCTTGGAAC,811,2865,49551,23373,8502,9382,9669,34453,52861,50462,61828,51856,55143,12202,11460,9958,11500,11960,11984,17099,21871,23099,20728,16931,8631,9901,14747,16721
ATCCTGCTTATCGATCCTTC,269385,1237244,2358,966,2204,2592,751,1288,5756,5160,4941,6139,5672,12517,11879,10079,12511,12724,12979,44743,57088,66577,64215,57453,46473,53781,72413,81398
TGGTCGTCCGATGAGGTCTG,11267,53003,3414,1537,755,720,822,1581,12175,10962,10172,12573,11554,8814,8105,7313,8866,9244,9350,4081,4862,5931,5767,5395,6630,7671,10027,11431
AGTTTCCGTCTCGTTAGGCC,20435,78061,45877,27077,11020,11956,12201,39504,100150,88050,106486,95607,98639,33390,31144,27988,31167,32481,31989,67990,89730,93098,84468,65500,25444,28618,45346,50997
TAGAGCGTAGCAGACTGAAG,283,1877,6,4,2,0,7,3,16,15,9,12,12,54,48,45,37,61,42,3426,4404,5286,5015,5299,10906,12208,15320,17740
AAGCGAGTCCCATTACGAAC,54606,238889,3401,3031,2221,2280,2007,3461,22,17,22,13,12,15,20,11,20,17,20,84070,105757,123127,117983,107820,53134,60846,80857,91531
CTAAATTGACCATCAGCACC,2960,12224,53122,25611,10006,10220,11491,30849,18276,16526,18550,17881,20010,8936,8341,7524,9033,9018,9141,764,882,958,908,836,929,1027,1632,1823
CGATTATACTAATGCGTAGC,2037,7386,11496,5255,1909,2068,2098,7986,601,550,727,599,676,359,355,276,330,316,341,1583,2020,1878,1547,1488,606,617,1046,1193
GACCGAGAGAGTTAGATATG,5608,22260,80,29,34,224,27,37,449,382,421,454,489,431,350,355,400,359,396,14253,17440,21042,20475,19145,28386,32926,45235,50002
CAGCTGTACGGCATGTCGCA,10410,44554,34034,50692,23451,19511,27489,50882,2962,2560,2392,3048,2513,2028,1771,1610,1936,2022,2002,6149,7819,9259,9337,8607,12257,13789,18064,20256
GTGAGCGGAACGTAAGCATG,5149,23587,117,86,118,141,48,54,1681,1553,1365,1705,1496,1253,1103,1000,1171,1255,1234,1033,1269,1596,1591,1585,2048,2380,2992,3510
CTTCTATGTACAAGTGGCCC,1481,5387,10702,7546,3116,2975,3552,9403,8894,8193,9372,9682,10224,13402,12686,10932,12918,13378,13510,27524,35208,38060,35670,30817,24589,28116,41473,46702
GCCTGTTTCGCAATATGTAA,7,16,183,18,2,4,4,21,4360,3988,4057,4672,4280,12512,11609,9999,12538,12868,13221,14,32,26,29,29,56,70,84,104
AGCTAGACGATCCAAGCATC,327,1110,28493,18480,7836,7246,8921,21111,24214,21540,22060,24342,23312,25495,24046,20983,24850,25766,25970,985,1284,1374,1300,1276,1743,1881,2620,2955
TCAGTTTACGGAGATGGATC,1960,8158,10551,6295,2803,2594,3076,7518,58087,51244,53751,54262,56545,29698,28491,25512,29939,31625,31316,15425,18780,21756,21395,19595,17950,20610,27602,30912
AATCTACGTCAACCCAGTCG,747,2850,48232,19447,8330,7892,9995,22376,111419,91048,93394,100958,107138,35536,32738,29219,33869,35268,36131,1635,1976,2277,2164,2104,3490,4088,5725,6394
CAGCTGGTGCATAAACAGGG,39343,173929,8452,1641,1382,1069,891,1515,7352,6522,5990,7621,6698,19987,18781,16597,20251,20766,21053,6897,8117,9863,10066,9333,17899,19829,26106,29346
CACGGTCCCTCAACATCTTG,1379,6377,14,3,0,4,10,1,8,11,8,16,9,14,11,5,11,12,16,678,780,974,1051,1011,1833,2117,2646,3040
TTTACAACTGGCCAACGACT,7499,29554,3918,1328,570,564,679,1608,16047,14475,13451,16865,16669,13368,12388,10217,13113,13810,13713,7091,9296,10965,10662,9775,16631,18349,25810,28950
GATCCTCACGTCCCTATTAC,102459,461751,243443,297698,134025,115336,147815,295171,5137,4792,4463,5596,4869,20003,18951,16867,19334,20348,20812,23033,28460,33865,34032,31405,42248,47989,62868,70989
AGAGGACGTGGTCAGACAGA,3858,13572,6239,713,235,311,327,990,13336,12323,12796,15616,13168,23757,22341,19221,21734,22890,22332,6024,8639,9850,8652,8590,14801,15996,23119,27268
CTTTGTCCAGGAAAGCGGCT,85961,376552,193142,263080,119575,106952,143634,266816,60491,50829,49249,54408,56017,16049,14905,13106,16119,16834,16799,11327,13399,15976,15728,14772,10816,12106,16650,18669
GAATTGCACTGACAACCCTC,8067,34221,271,57,201,113,37,79,5227,4597,4587,5997,5282,18381,17220,15317,18132,18516,18813,20732,25970,32156,30694,28938,43213,49626,67121,74084
CATAGTGCAAGGTAGGGAGC,32485,140072,16996,4217,1730,1642,1883,3746,21309,19385,17330,21577,19272,25999,24508,21520,26360,27526,27332,12778,15929,19592,20098,19107,37358,41665,52987,59897
TCCTATAACGCAGGGACCTT,0,0,0,0,0,0,0,0,0,0,0,0,0,0,0,0,0,0,0,0,0,0,0,0,0,0,0,0
AAGTCGCGGTGAATCTTTCC,7783,30999,302889,266131,123238,109626,148195,293773,76605,64198,63298,70037,71234,27238,25042,22408,26454,27677,27935,29041,37241,42585,41467,37876,32899,37403,50417,55762
CATCGATGTCGAATACCTTC,41039,181898,164908,137211,61803,55259,73197,140524,72220,57348,58602,61113,61902,32159,30550,26392,32443,33564,34305,13903,16976,20064,20249,18577,23855,27503,36248,40699
GATATGGGTTAGCGCCGAAG,0,0,0,2,0,0,0,0,0,1,2,0,0,0,0,0,0,0,0,0,0,0,0,0,0,0,0,1
GGAACAGTTCGACATCTGGT,4432,17380,16840,6195,2576,2579,3150,7390,55078,51545,55402,55923,57793,21226,19383,17099,20436,21026,20857,1816,2198,2542,2330,2028,1882,1985,3041,3425
GGCGCGATTGGTTGAAAGGG,9740,33749,36238,14044,5816,5782,7010,15499,10767,10161,9990,11199,10999,7072,6572,5960,7130,7488,7572,1496,1820,2087,1999,1733,1632,1940,2698,3127
CAAATGCAAGGGTCGCGCAG,0,0,0,0,0,0,0,0,0,0,0,0,0,0,0,0,0,0,0,0,0,0,0,0,0,0,0,0
CCCACGTCTAGTTGCTCCCT,175,470,6949,7598,3351,2959,3935,7663,40128,35938,32521,39096,37151,48886,45777,41507,51405,53774,53595,40170,49622,60380,61381,57169,44117,49633,62117,70158
TTAGCAATTCCCTGTTTCAC,185,688,89114,82130,36224,35210,41107,119033,12112,11521,13734,13695,14601,19603,17950,15919,18209,19007,18585,14705,19981,20716,18312,16462,6153,6920,10219,11780
TCTGCTGTAGCTTATCTTAC,131,390,46642,47445,22095,19670,25373,59776,12396,11566,11473,12758,12328,17642,16451,14629,17664,18245,18470,16155,20569,23617,22449,21964,11180,13111,17866,20116
CCCTTGAAGATAGACGTAAT,47,119,6833,5585,2411,2202,2825,7645,10576,10165,11288,11614,12345,13016,12212,10700,12857,13301,13413,10279,12535,14066,12613,12580,6772,7588,11449,12796
CACAGATAGGAGACCGGTAC,90,382,16708,18083,8683,7433,10417,19545,20065,17851,16330,19683,19351,23645,22135,19810,24274,25488,25265,17866,21911,27310,27051,27738,21478,24437,30823,35589
