Cell_number,Timepoint_hr,Barcode_ID,Infected,Parasite_burden
1,3,B1,1,2
2,3,B1,1,3
3,3,B1,1,2
4,3,B1,1,1
5,3,B1,1,1
6,3,B1,1,1
7,3,B1,1,1
8,3,B1,1,1
9,3,B1,1,2
10,3,B1,1,7
11,3,B1,1,4
12,3,B1,1,6
13,3,B1,1,1
14,3,B1,1,1
15,3,B1,1,2
16,3,B1,1,3
17,3,B1,1,5
18,3,B1,1,6
19,3,B1,1,5
20,3,B1,1,3
21,3,B1,1,4
22,3,B1,1,7
23,3,B1,1,3
24,3,B1,1,1
25,3,B1,1,2
26,3,B1,1,2
27,3,B1,1,1
28,3,B1,1,2
29,3,B1,1,3
30,3,B1,1,2
31,3,B1,1,2
32,3,B1,1,2
33,3,B1,1,1
34,3,B1,1,5
35,3,B1,1,3
36,3,B1,1,4
37,3,B1,1,1
38,3,B1,1,1
39,3,B1,1,7
40,3,B1,1,6
41,3,B1,1,4
42,3,B1,1,2
43,3,B1,1,1
44,3,B1,1,2
45,3,B1,1,8
46,3,B1,1,2
47,3,B1,1,4
48,3,B1,1,3
49,3,B1,1,5
50,3,B1,1,6
51,3,B1,1,4
52,3,B1,1,7
53,3,B1,1,5
54,3,B1,1,2
55,3,B1,1,2
56,3,B1,1,2
57,3,B1,1,5
58,3,B1,1,3
59,3,B1,1,2
60,3,B1,1,2
61,3,B1,1,4
62,3,B1,1,1
63,3,B1,1,1
64,3,B1,1,1
65,3,B1,1,1
66,3,B1,0,0
67,3,B1,0,0
68,3,B1,0,0
69,3,B1,0,0
70,3,B1,0,0
71,3,B1,0,0
72,3,B1,0,0
73,3,B1,0,0
74,3,B1,0,0
75,3,B1,0,0
76,3,B1,0,0
77,3,B1,0,0
78,3,B1,0,0
79,3,B1,0,0
80,3,B1,0,0
81,3,B1,0,0
82,3,B1,0,0
83,3,B1,0,0
84,3,B1,0,0
85,3,B1,0,0
86,3,B1,0,0
87,3,B1,0,0
88,3,B1,0,0
89,3,B1,0,0
90,3,B1,0,0
91,3,B1,0,0
92,3,B1,0,0
93,3,B1,0,0
94,3,B1,0,0
95,3,B1,0,0
96,3,B1,0,0
97,3,B1,0,0
98,3,B1,0,0
99,3,B1,0,0
100,3,B1,0,0
101,3,B2,1,3
102,3,B2,1,2
103,3,B2,1,2
104,3,B2,1,1
105,3,B2,1,2
106,3,B2,1,1
107,3,B2,1,3
108,3,B2,1,2
109,3,B2,1,5
110,3,B2,1,1
111,3,B2,1,2
112,3,B2,1,3
113,3,B2,1,4
114,3,B2,1,5
115,3,B2,1,3
116,3,B2,1,3
117,3,B2,1,4
118,3,B2,1,2
119,3,B2,1,4
120,3,B2,1,5
121,3,B2,1,4
122,3,B2,1,1
123,3,B2,1,2
124,3,B2,1,9
125,3,B2,1,3
126,3,B2,1,3
127,3,B2,1,12
128,3,B2,1,1
129,3,B2,1,4
130,3,B2,1,2
131,3,B2,1,2
132,3,B2,1,2
133,3,B2,1,1
134,3,B2,1,2
135,3,B2,1,1
136,3,B2,1,2
137,3,B2,1,1
138,3,B2,1,2
139,3,B2,1,2
140,3,B2,1,1
141,3,B2,1,1
142,3,B2,1,5
143,3,B2,1,2
144,3,B2,1,7
145,3,B2,1,1
146,3,B2,1,1
147,3,B2,1,2
148,3,B2,1,1
149,3,B2,1,1
150,3,B2,1,1
151,3,B2,0,0
152,3,B2,0,0
153,3,B2,0,0
154,3,B2,0,0
155,3,B2,0,0
156,3,B2,0,0
157,3,B2,0,0
158,3,B2,0,0
159,3,B2,0,0
160,3,B2,0,0
161,3,B2,0,0
162,3,B2,0,0
163,3,B2,0,0
164,3,B2,0,0
165,3,B2,0,0
166,3,B2,0,0
167,3,B2,0,0
168,3,B2,0,0
169,3,B2,0,0
170,3,B2,0,0
171,3,B2,0,0
172,3,B2,0,0
173,3,B2,0,0
174,3,B2,0,0
175,3,B2,0,0
176,3,B2,0,0
177,3,B2,0,0
178,3,B2,0,0
179,3,B2,0,0
180,3,B2,0,0
181,3,B2,0,0
182,3,B2,0,0
183,3,B2,0,0
184,3,B2,0,0
185,3,B2,0,0
186,3,B2,0,0
187,3,B2,0,0
188,3,B2,0,0
189,3,B2,0,0
190,3,B2,0,0
191,3,B2,0,0
192,3,B2,0,0
193,3,B2,0,0
194,3,B2,0,0
195,3,B2,0,0
196,3,B2,0,0
197,3,B2,0,0
198,3,B2,0,0
199,3,B2,0,0
200,3,B2,0,0
201,3,B3,1,1
202,3,B3,1,2
203,3,B3,1,2
204,3,B3,1,2
205,3,B3,1,2
206,3,B3,1,12
207,3,B3,1,1
208,3,B3,1,9
209,3,B3,1,4
210,3,B3,1,6
211,3,B3,1,2
212,3,B3,1,5
213,3,B3,1,3
214,3,B3,1,5
215,3,B3,1,8
216,3,B3,1,2
217,3,B3,1,5
218,3,B3,1,4
219,3,B3,1,5
220,3,B3,1,3
221,3,B3,1,4
222,3,B3,1,7
223,3,B3,1,3
224,3,B3,1,2
225,3,B3,1,4
226,3,B3,1,6
227,3,B3,1,4
228,3,B3,1,9
229,3,B3,1,8
230,3,B3,1,2
231,3,B3,1,1
232,3,B3,1,6
233,3,B3,1,1
234,3,B3,1,3
235,3,B3,1,5
236,3,B3,1,1
237,3,B3,1,1
238,3,B3,1,3
239,3,B3,1,1
240,3,B3,1,1
241,3,B3,1,2
242,3,B3,1,2
243,3,B3,1,3
244,3,B3,1,4
245,3,B3,1,4
246,3,B3,1,11
247,3,B3,1,3
248,3,B3,1,2
249,3,B3,1,7
250,3,B3,1,3
251,3,B3,1,2
252,3,B3,1,3
253,3,B3,1,1
254,3,B3,1,2
255,3,B3,1,3
256,3,B3,1,5
257,3,B3,1,6
258,3,B3,1,2
259,3,B3,1,6
260,3,B3,1,1
261,3,B3,1,3
262,3,B3,1,2
263,3,B3,1,3
264,3,B3,1,1
265,3,B3,1,1
266,3,B3,1,7
267,3,B3,1,3
268,3,B3,1,5
269,3,B3,1,1
270,3,B3,1,5
271,3,B3,1,1
272,3,B3,1,4
273,3,B3,1,4
274,3,B3,0,0
275,3,B3,0,0
276,3,B3,0,0
277,3,B3,0,0
278,3,B3,0,0
279,3,B3,0,0
280,3,B3,0,0
281,3,B3,0,0
282,3,B3,0,0
283,3,B3,0,0
284,3,B3,0,0
285,3,B3,0,0
286,3,B3,0,0
287,3,B3,0,0
288,3,B3,0,0
289,3,B3,0,0
290,3,B3,0,0
291,3,B3,0,0
292,3,B3,0,0
293,3,B3,0,0
294,3,B3,0,0
295,3,B3,0,0
296,3,B3,0,0
297,3,B3,0,0
298,3,B3,0,0
299,3,B3,0,0
300,3,B3,0,0
301,3,B4,1,4
302,3,B4,1,5
303,3,B4,1,2
304,3,B4,1,1
305,3,B4,1,4
306,3,B4,1,12
307,3,B4,1,1
308,3,B4,1,5
309,3,B4,1,7
310,3,B4,1,1
311,3,B4,1,4
312,3,B4,1,4
313,3,B4,1,3
314,3,B4,1,9
315,3,B4,1,6
316,3,B4,1,4
317,3,B4,1,1
318,3,B4,1,2
319,3,B4,1,2
320,3,B4,1,1
321,3,B4,1,2
322,3,B4,1,1
323,3,B4,1,2
324,3,B4,1,3
325,3,B4,1,1
326,3,B4,1,2
327,3,B4,1,6
328,3,B4,1,4
329,3,B4,1,2
330,3,B4,1,3
331,3,B4,1,4
332,3,B4,1,7
333,3,B4,1,2
334,3,B4,1,9
335,3,B4,1,12
336,3,B4,1,10
337,3,B4,1,2
338,3,B4,1,4
339,3,B4,1,8
340,3,B4,1,9
341,3,B4,1,2
342,3,B4,1,1
343,3,B4,1,1
344,3,B4,1,3
345,3,B4,1,1
346,3,B4,1,2
347,3,B4,1,3
348,3,B4,1,5
349,3,B4,1,1
350,3,B4,1,1
351,3,B4,1,3
352,3,B4,1,1
353,3,B4,1,1
354,3,B4,1,1
355,3,B4,1,3
356,3,B4,1,4
357,3,B4,1,2
358,3,B4,1,3
359,3,B4,1,6
360,3,B4,1,7
361,3,B4,1,2
362,3,B4,1,2
363,3,B4,0,0
364,3,B4,0,0
365,3,B4,0,0
366,3,B4,0,0
367,3,B4,0,0
368,3,B4,0,0
369,3,B4,0,0
370,3,B4,0,0
371,3,B4,0,0
372,3,B4,0,0
373,3,B4,0,0
374,3,B4,0,0
375,3,B4,0,0
376,3,B4,0,0
377,3,B4,0,0
378,3,B4,0,0
379,3,B4,0,0
380,3,B4,0,0
381,3,B4,0,0
382,3,B4,0,0
383,3,B4,0,0
384,3,B4,0,0
385,3,B4,0,0
386,3,B4,0,0
387,3,B4,0,0
388,3,B4,0,0
389,3,B4,0,0
390,3,B4,0,0
391,3,B4,0,0
392,3,B4,0,0
393,3,B4,0,0
394,3,B4,0,0
395,3,B4,0,0
396,3,B4,0,0
397,3,B4,0,0
398,3,B4,0,0
399,3,B4,0,0
400,3,B4,0,0
401,3,B5,1,1
402,3,B5,1,1
403,3,B5,1,4
404,3,B5,1,4
405,3,B5,1,5
406,3,B5,1,4
407,3,B5,1,4
408,3,B5,1,2
409,3,B5,1,3
410,3,B5,1,5
411,3,B5,1,3
412,3,B5,1,4
413,3,B5,1,7
414,3,B5,1,1
415,3,B5,1,9
416,3,B5,1,7
417,3,B5,1,6
418,3,B5,1,4
419,3,B5,1,4
420,3,B5,1,4
421,3,B5,1,2
422,3,B5,1,6
423,3,B5,1,3
424,3,B5,1,1
425,3,B5,1,5
426,3,B5,1,7
427,3,B5,1,7
428,3,B5,1,1
429,3,B5,1,7
430,3,B5,1,4
431,3,B5,1,6
432,3,B5,1,5
433,3,B5,1,3
434,3,B5,1,4
435,3,B5,1,5
436,3,B5,1,3
437,3,B5,1,2
438,3,B5,1,2
439,3,B5,1,9
440,3,B5,1,4
441,3,B5,1,6
442,3,B5,1,2
443,3,B5,1,5
444,3,B5,1,3
445,3,B5,1,4
446,3,B5,1,2
447,3,B5,1,1
448,3,B5,1,1
449,3,B5,1,1
450,3,B5,1,6
451,3,B5,1,4
452,3,B5,1,2
453,3,B5,1,2
454,3,B5,1,2
455,3,B5,1,1
456,3,B5,1,1
457,3,B5,1,2
458,3,B5,1,2
459,3,B5,1,1
460,3,B5,1,1
461,3,B5,1,3
462,3,B5,1,3
463,3,B5,1,1
464,3,B5,1,4
465,3,B5,0,0
466,3,B5,0,0
467,3,B5,0,0
468,3,B5,0,0
469,3,B5,0,0
470,3,B5,0,0
471,3,B5,0,0
472,3,B5,0,0
473,3,B5,0,0
474,3,B5,0,0
475,3,B5,0,0
476,3,B5,0,0
477,3,B5,0,0
478,3,B5,0,0
479,3,B5,0,0
480,3,B5,0,0
481,3,B5,0,0
482,3,B5,0,0
483,3,B5,0,0
484,3,B5,0,0
485,3,B5,0,0
486,3,B5,0,0
487,3,B5,0,0
488,3,B5,0,0
489,3,B5,0,0
490,3,B5,0,0
491,3,B5,0,0
492,3,B5,0,0
493,3,B5,0,0
494,3,B5,0,0
495,3,B5,0,0
496,3,B5,0,0
497,3,B5,0,0
498,3,B5,0,0
499,3,B5,0,0
500,3,B5,0,0
501,1,B1,1,3
502,1,B1,1,1
503,1,B1,1,2
504,1,B1,1,1
505,1,B1,1,1
506,1,B1,1,1
507,1,B1,1,1
508,1,B1,1,3
509,1,B1,1,1
510,1,B1,1,2
511,1,B1,1,1
512,1,B1,1,2
513,1,B1,1,3
514,1,B1,1,1
515,1,B1,1,2
516,1,B1,1,2
517,1,B1,1,2
518,1,B1,1,3
519,1,B1,1,2
520,1,B1,1,1
521,1,B1,1,2
522,1,B1,1,2
523,1,B1,1,1
524,1,B1,1,2
525,1,B1,1,2
526,1,B1,1,2
527,1,B1,1,1
528,1,B1,1,2
529,1,B1,1,3
530,1,B1,1,2
531,1,B1,1,1
532,1,B1,1,1
533,1,B1,1,1
534,1,B1,1,1
535,1,B1,0,0
536,1,B1,0,0
537,1,B1,0,0
538,1,B1,0,0
539,1,B1,0,0
540,1,B1,0,0
541,1,B1,0,0
542,1,B1,0,0
543,1,B1,0,0
544,1,B1,0,0
545,1,B1,0,0
546,1,B1,0,0
547,1,B1,0,0
548,1,B1,0,0
549,1,B1,0,0
550,1,B1,0,0
551,1,B1,0,0
552,1,B1,0,0
553,1,B1,0,0
554,1,B1,0,0
555,1,B1,0,0
556,1,B1,0,0
557,1,B1,0,0
558,1,B1,0,0
559,1,B1,0,0
560,1,B1,0,0
561,1,B1,0,0
562,1,B1,0,0
563,1,B1,0,0
564,1,B1,0,0
565,1,B1,0,0
566,1,B1,0,0
567,1,B1,0,0
568,1,B1,0,0
569,1,B1,0,0
570,1,B1,0,0
571,1,B1,0,0
572,1,B1,0,0
573,1,B1,0,0
574,1,B1,0,0
575,1,B1,0,0
576,1,B1,0,0
577,1,B1,0,0
578,1,B1,0,0
579,1,B1,0,0
580,1,B1,0,0
581,1,B1,0,0
582,1,B1,0,0
583,1,B1,0,0
584,1,B1,0,0
585,1,B1,0,0
586,1,B1,0,0
587,1,B1,0,0
588,1,B1,0,0
589,1,B1,0,0
590,1,B1,0,0
591,1,B1,0,0
592,1,B1,0,0
593,1,B1,0,0
594,1,B1,0,0
595,1,B1,0,0
596,1,B1,0,0
597,1,B1,0,0
598,1,B1,0,0
599,1,B1,0,0
600,1,B1,0,0
601,1,B2,1,1
602,1,B2,1,1
603,1,B2,1,1
604,1,B2,1,1
605,1,B2,1,5
606,1,B2,1,1
607,1,B2,1,1
608,1,B2,1,1
609,1,B2,1,2
610,1,B2,1,1
611,1,B2,1,1
612,1,B2,1,1
613,1,B2,1,1
614,1,B2,1,2
615,1,B2,1,4
616,1,B2,1,1
617,1,B2,1,2
618,1,B2,1,2
619,1,B2,1,2
620,1,B2,1,1
621,1,B2,1,2
622,1,B2,1,1
623,1,B2,1,1
624,1,B2,1,5
625,1,B2,1,3
626,1,B2,1,1
627,1,B2,1,6
628,1,B2,1,1
629,1,B2,1,1
630,1,B2,1,2
631,1,B2,1,2
632,1,B2,1,2
633,1,B2,1,1
634,1,B2,1,1
635,1,B2,1,1
636,1,B2,1,1
637,1,B2,1,4
638,1,B2,1,2
639,1,B2,1,5
640,1,B2,1,1
641,1,B2,1,1
642,1,B2,1,3
643,1,B2,0,0
644,1,B2,0,0
645,1,B2,0,0
646,1,B2,0,0
647,1,B2,0,0
648,1,B2,0,0
649,1,B2,0,0
650,1,B2,0,0
651,1,B2,0,0
652,1,B2,0,0
653,1,B2,0,0
654,1,B2,0,0
655,1,B2,0,0
656,1,B2,0,0
657,1,B2,0,0
658,1,B2,0,0
659,1,B2,0,0
660,1,B2,0,0
661,1,B2,0,0
662,1,B2,0,0
663,1,B2,0,0
664,1,B2,0,0
665,1,B2,0,0
666,1,B2,0,0
667,1,B2,0,0
668,1,B2,0,0
669,1,B2,0,0
670,1,B2,0,0
671,1,B2,0,0
672,1,B2,0,0
673,1,B2,0,0
674,1,B2,0,0
675,1,B2,0,0
676,1,B2,0,0
677,1,B2,0,0
678,1,B2,0,0
679,1,B2,0,0
680,1,B2,0,0
681,1,B2,0,0
682,1,B2,0,0
683,1,B2,0,0
684,1,B2,0,0
685,1,B2,0,0
686,1,B2,0,0
687,1,B2,0,0
688,1,B2,0,0
689,1,B2,0,0
690,1,B2,0,0
691,1,B2,0,0
692,1,B2,0,0
693,1,B2,0,0
694,1,B2,0,0
695,1,B2,0,0
696,1,B2,0,0
697,1,B2,0,0
698,1,B2,0,0
699,1,B2,0,0
700,1,B2,0,0
701,1,B3,1,2
702,1,B3,1,2
703,1,B3,1,1
704,1,B3,1,2
705,1,B3,1,2
706,1,B3,1,1
707,1,B3,1,4
708,1,B3,1,2
709,1,B3,1,1
710,1,B3,1,2
711,1,B3,1,1
712,1,B3,1,3
713,1,B3,1,1
714,1,B3,1,3
715,1,B3,1,5
716,1,B3,1,1
717,1,B3,1,3
718,1,B3,1,5
719,1,B3,1,2
720,1,B3,1,3
721,1,B3,1,4
722,1,B3,1,2
723,1,B3,1,2
724,1,B3,1,1
725,1,B3,1,2
726,1,B3,1,3
727,1,B3,1,2
728,1,B3,1,2
729,1,B3,1,1
730,1,B3,1,2
731,1,B3,1,5
732,1,B3,1,2
733,1,B3,1,3
734,1,B3,0,0
735,1,B3,0,0
736,1,B3,0,0
737,1,B3,0,0
738,1,B3,0,0
739,1,B3,0,0
740,1,B3,0,0
741,1,B3,0,0
742,1,B3,0,0
743,1,B3,0,0
744,1,B3,0,0
745,1,B3,0,0
746,1,B3,0,0
747,1,B3,0,0
748,1,B3,0,0
749,1,B3,0,0
750,1,B3,0,0
751,1,B3,0,0
752,1,B3,0,0
753,1,B3,0,0
754,1,B3,0,0
755,1,B3,0,0
756,1,B3,0,0
757,1,B3,0,0
758,1,B3,0,0
759,1,B3,0,0
760,1,B3,0,0
761,1,B3,0,0
762,1,B3,0,0
763,1,B3,0,0
764,1,B3,0,0
765,1,B3,0,0
766,1,B3,0,0
767,1,B3,0,0
768,1,B3,0,0
769,1,B3,0,0
770,1,B3,0,0
771,1,B3,0,0
772,1,B3,0,0
773,1,B3,0,0
774,1,B3,0,0
775,1,B3,0,0
776,1,B3,0,0
777,1,B3,0,0
778,1,B3,0,0
779,1,B3,0,0
780,1,B3,0,0
781,1,B3,0,0
782,1,B3,0,0
783,1,B3,0,0
784,1,B3,0,0
785,1,B3,0,0
786,1,B3,0,0
787,1,B3,0,0
788,1,B3,0,0
789,1,B3,0,0
790,1,B3,0,0
791,1,B3,0,0
792,1,B3,0,0
793,1,B3,0,0
794,1,B3,0,0
795,1,B3,0,0
796,1,B3,0,0
797,1,B3,0,0
798,1,B3,0,0
799,1,B3,0,0
800,1,B3,0,0
801,1,B4,1,4
802,1,B4,1,3
803,1,B4,1,2
804,1,B4,1,2
805,1,B4,1,2
806,1,B4,1,3
807,1,B4,1,2
808,1,B4,1,2
809,1,B4,1,3
810,1,B4,1,1
811,1,B4,1,5
812,1,B4,1,1
813,1,B4,1,1
814,1,B4,1,1
815,1,B4,1,4
816,1,B4,1,1
817,1,B4,1,6
818,1,B4,1,1
819,1,B4,1,1
820,1,B4,1,7
821,1,B4,1,4
822,1,B4,1,2
823,1,B4,1,2
824,1,B4,1,3
825,1,B4,1,2
826,1,B4,1,1
827,1,B4,1,1
828,1,B4,1,5
829,1,B4,1,2
830,1,B4,1,4
831,1,B4,1,4
832,1,B4,1,1
833,1,B4,1,3
834,1,B4,1,2
835,1,B4,1,2
836,1,B4,1,1
837,1,B4,1,2
838,1,B4,1,1
839,1,B4,1,2
840,1,B4,1,1
841,1,B4,0,0
842,1,B4,0,0
843,1,B4,0,0
844,1,B4,0,0
845,1,B4,0,0
846,1,B4,0,0
847,1,B4,0,0
848,1,B4,0,0
849,1,B4,0,0
850,1,B4,0,0
851,1,B4,0,0
852,1,B4,0,0
853,1,B4,0,0
854,1,B4,0,0
855,1,B4,0,0
856,1,B4,0,0
857,1,B4,0,0
858,1,B4,0,0
859,1,B4,0,0
860,1,B4,0,0
861,1,B4,0,0
862,1,B4,0,0
863,1,B4,0,0
864,1,B4,0,0
865,1,B4,0,0
866,1,B4,0,0
867,1,B4,0,0
868,1,B4,0,0
869,1,B4,0,0
870,1,B4,0,0
871,1,B4,0,0
872,1,B4,0,0
873,1,B4,0,0
874,1,B4,0,0
875,1,B4,0,0
876,1,B4,0,0
877,1,B4,0,0
878,1,B4,0,0
879,1,B4,0,0
880,1,B4,0,0
881,1,B4,0,0
882,1,B4,0,0
883,1,B4,0,0
884,1,B4,0,0
885,1,B4,0,0
886,1,B4,0,0
887,1,B4,0,0
888,1,B4,0,0
889,1,B4,0,0
890,1,B4,0,0
891,1,B4,0,0
892,1,B4,0,0
893,1,B4,0,0
894,1,B4,0,0
895,1,B4,0,0
896,1,B4,0,0
897,1,B4,0,0
898,1,B4,0,0
899,1,B4,0,0
900,1,B4,0,0
901,1,B5,1,7
902,1,B5,1,6
903,1,B5,1,1
904,1,B5,1,1
905,1,B5,1,4
906,1,B5,1,1
907,1,B5,1,4
908,1,B5,1,1
909,1,B5,1,3
910,1,B5,1,5
911,1,B5,1,1
912,1,B5,1,2
913,1,B5,1,4
914,1,B5,1,4
915,1,B5,1,1
916,1,B5,1,7
917,1,B5,1,5
918,1,B5,1,1
919,1,B5,1,3
920,1,B5,1,3
921,1,B5,1,5
922,1,B5,1,2
923,1,B5,1,6
924,1,B5,1,3
925,1,B5,1,4
926,1,B5,1,1
927,1,B5,1,7
928,1,B5,1,1
929,1,B5,1,1
930,1,B5,1,4
931,1,B5,1,2
932,1,B5,1,8
933,1,B5,1,3
934,1,B5,1,2
935,1,B5,1,4
936,1,B5,1,1
937,1,B5,1,3
938,1,B5,1,1
939,1,B5,1,6
940,1,B5,1,2
941,1,B5,1,3
942,1,B5,1,2
943,1,B5,1,1
944,1,B5,0,0
945,1,B5,0,0
946,1,B5,0,0
947,1,B5,0,0
948,1,B5,0,0
949,1,B5,0,0
950,1,B5,0,0
951,1,B5,0,0
952,1,B5,0,0
953,1,B5,0,0
954,1,B5,0,0
955,1,B5,0,0
956,1,B5,0,0
957,1,B5,0,0
958,1,B5,0,0
959,1,B5,0,0
960,1,B5,0,0
961,1,B5,0,0
962,1,B5,0,0
963,1,B5,0,0
964,1,B5,0,0
965,1,B5,0,0
966,1,B5,0,0
967,1,B5,0,0
968,1,B5,0,0
969,1,B5,0,0
970,1,B5,0,0
971,1,B5,0,0
972,1,B5,0,0
973,1,B5,0,0
974,1,B5,0,0
975,1,B5,0,0
976,1,B5,0,0
977,1,B5,0,0
978,1,B5,0,0
979,1,B5,0,0
980,1,B5,0,0
981,1,B5,0,0
982,1,B5,0,0
983,1,B5,0,0
984,1,B5,0,0
985,1,B5,0,0
986,1,B5,0,0
987,1,B5,0,0
988,1,B5,0,0
989,1,B5,0,0
990,1,B5,0,0
991,1,B5,0,0
992,1,B5,0,0
993,1,B5,0,0
994,1,B5,0,0
995,1,B5,0,0
996,1,B5,0,0
997,1,B5,0,0
998,1,B5,0,0
999,1,B5,0,0
1000,1,B5,0,0
