"","matched","unmatched","canonical"
"INPUT1A_75_1.txt",1778507,56182,1758677
"INPUT1B_75_1.txt",2047814,64124,2024000
"INPUT1C_75_1.txt",1325664,42420,1311038
"INPUT2A_75_1.txt",1999033,68619,1974429
"INPUT2B_75_1.txt",2067407,69336,2040380
"INPUT2C_75_1.txt",1582831,53743,1563501
"M10BM1_75_1.txt",926425,31366,917444
"M10BM2_75_1.txt",748085,25280,747282
"M10GUT_75_1.txt",855696,26655,850030
"M10L_75_1.txt",1284141,42400,1269696
"M10LN1_75_1.txt",136440,4354,135884
"M10LN2_75_1.txt",831957,28002,826312
"M10LUNG_75_1.txt",1277637,60662,1199610
"M10S_75_1.txt",1165732,37584,1154504
"M11BM1_75_1.txt",1469995,49402,1454516
"M11BM2_75_1.txt",1686619,54576,1669154
"M11GUT_75_1.txt",1700,57,1587
"M11L_75_1.txt",1065842,35769,1049886
"M11LN1_75_1.txt",690449,22614,678088
"M11LN2_75_1.txt",825525,26426,813820
"M11LUNG_75_1.txt",818843,27505,789287
"M11S_75_1.txt",891198,28748,884059
"M12BM1_75_1.txt",1290237,43772,1275911
"M12BM2_75_1.txt",1473939,48431,1460018
"M12GUT_75_1.txt",4326,155,4124
"M12L_75_1.txt",1299617,42092,1287947
"M12LN1_75_1.txt",894875,31731,863369
"M12LN2_75_1.txt",765831,24258,731679
"M12LUNG_75_1.txt",1680713,70561,1629275
"M12S_75_1.txt",11724,338,11400
"M12SKIN1_75_1.txt",1703742,58520,1685263
"M12SKIN10_75_1.txt",784527,29312,770076
"M12SKIN11_75_1.txt",935631,32227,905407
"M12SKIN12_75_1.txt",1159618,39567,1106078
"M12SKIN2_75_1.txt",1442759,54343,1416519
"M12SKIN3_75_1.txt",1262486,48272,1224204
"M12SKIN4_75_1.txt",829371,28632,827289
"M12SKIN5_75_1.txt",1171707,47896,1151654
"M12SKIN6_75_1.txt",1368171,46047,1347088
"M12SKIN7_75_1.txt",917087,34277,914543
"M12SKIN8_75_1.txt",936607,31295,890697
"M12SKIN9_75_1.txt",846220,30141,842677
"M13BM1_75_1.txt",2554,78,2201
"M13BM2_75_1.txt",1767338,58999,1749682
"M13GUT_75_1.txt",389344,12195,388888
"M13L_75_1.txt",842805,27254,836629
"M13LN1_75_1.txt",778345,26617,776804
"M13LN2_75_1.txt",877645,29256,873512
"M13LUNG_75_1.txt",889762,32055,852934
"M13S_75_1.txt",117799,3809,117508
"M13SKIN1_75_1.txt",1664514,57630,1630245
"M13SKIN10_75_1.txt",859454,29884,827899
"M13SKIN11_75_1.txt",928389,31611,883664
"M13SKIN12_75_1.txt",1522566,60765,1494017
"M13SKIN2_75_1.txt",968203,36219,944212
"M13SKIN3_75_1.txt",629991,21633,628661
"M13SKIN4_75_1.txt",1265650,54567,1235025
"M13SKIN5_75_1.txt",940350,32386,935973
"M13SKIN6_75_1.txt",1817528,69836,1775281
"M13SKIN7_75_1.txt",981580,35665,963234
"M13SKIN8_75_1.txt",794036,27399,792809
"M13SKIN9_75_1.txt",872065,30961,852737
"M14BM1_75_1.txt",762581,24896,756782
"M14BM2_75_1.txt",838929,27725,833103
"M14GUT_75_1.txt",571407,25011,569309
"M14L_75_1.txt",5032,176,4762
"M14LN1_75_1.txt",3842,246,3465
"M14LN2_75_1.txt",920342,29787,882748
"M14LUNG_75_1.txt",934629,34525,925962
"M14S_75_1.txt",1090288,34889,1081085
"M14SKIN1_75_1.txt",1014076,34838,966509
"M14SKIN10_75_1.txt",852551,28652,828071
"M14SKIN11_75_1.txt",943600,36021,940339
"M14SKIN12_75_1.txt",1154502,39868,1116320
"M14SKIN2_75_1.txt",812513,42324,791810
"M14SKIN3_75_1.txt",696601,32165,680676
"M14SKIN4_75_1.txt",864442,28377,766364
"M14SKIN5_75_1.txt",791508,24562,773279
"M14SKIN6_75_1.txt",824470,28369,760684
"M14SKIN7_75_1.txt",707960,24469,670756
"M14SKIN8_75_1.txt",802572,32527,791095
"M14SKIN9_75_1.txt",816599,36550,813456
"M15BM1_75_1.txt",1695188,56117,1670056
"M15BM2_75_1.txt",1798134,60975,1780456
"M15GUT_75_1.txt",802851,25467,797501
"M15L_75_1.txt",1924980,62349,1900972
"M15LN1_75_1.txt",714286,22329,708455
"M15LN2_75_1.txt",739602,23371,734905
"M15LUNG_75_1.txt",1619669,53589,1598671
"M15S_75_1.txt",2066113,65712,2043797
"M15SKIN1_75_1.txt",874271,31397,847706
"M15SKIN2_75_1.txt",928095,40073,890220
"M15SKIN3_75_1.txt",1924975,80672,1862409
"M15SKIN4_75_1.txt",864601,35213,851065
"M15SKIN5_75_1.txt",1146862,43559,1121768
"M15SKIN6_75_1.txt",835143,27718,815128
"M16BM1_75_1.txt",1612502,63691,1581106
"M16BM2_75_1.txt",557565,19224,553654
"M16GUT_75_1.txt",2121,84,1962
"M16L_75_1.txt",830768,28249,828458
"M16LN1_75_1.txt",611429,20744,574017
"M16LN2_75_1.txt",682581,23771,664310
"M16LUNG_75_1.txt",767294,32783,758259
"M16S_75_1.txt",3659,124,3333
"M16SKIN1_75_1.txt",930382,34057,909287
"M16SKIN2_75_1.txt",780451,26932,768410
"M16SKIN3_75_1.txt",1754540,61414,1686740
"M16SKIN4_75_1.txt",790631,30207,769968
"M16SKIN5_75_1.txt",1095771,45461,1071875
"M16SKIN6_75_1.txt",1103317,36700,1087229
"M17BM1_75_1.txt",1444924,48793,1406883
"M17BM2_75_1.txt",1137718,39501,1126166
"M17GUT_75_1.txt",376784,11921,373536
"M17L_75_1.txt",821555,28289,814102
"M17LN1_75_1.txt",296111,9559,294323
"M17LN2_75_1.txt",617226,19653,599140
"M17LUNG_75_1.txt",730293,24264,722348
"M17S_75_1.txt",120252,3733,119854
"M17SKIN1_75_1.txt",826494,43849,816974
"M17SKIN2_75_1.txt",1023956,35613,982016
"M17SKIN3_75_1.txt",1348759,49841,1314295
"M17SKIN4_75_1.txt",795587,30397,777775
"M17SKIN5_75_1.txt",1185939,42733,1155497
"M17SKIN6_75_1.txt",1088190,43844,1066782
"M18BM1_75_1.txt",1328171,45524,1316534
"M18BM2_75_1.txt",1284206,44166,1274120
"M18GUT_75_1.txt",203521,6492,203299
"M18L_75_1.txt",1225226,41523,1214493
"M18LN1_75_1.txt",991612,34434,968904
"M18LN2_75_1.txt",413187,13349,412698
"M18LUNG_75_1.txt",1030318,34691,994598
"M18S_75_1.txt",799562,25258,792515
"M18SKIN1_75_1.txt",897153,35084,886483
"M18SKIN2_75_1.txt",1075455,42291,1046464
"M18SKIN3_75_1.txt",1465317,55685,1405579
"M18SKIN4_75_1.txt",777669,33983,755197
"M18SKIN5_75_1.txt",1004051,35624,983303
"M18SKIN6_75_1.txt",1105942,38741,1075402
"M19BM1_75_1.txt",213136,7793,212420
"M19BM2_75_1.txt",760086,25227,755021
"M19GUT_75_1.txt",2143,67,1976
"M19L_75_1.txt",564261,31338,549807
"M19LN1_75_1.txt",649228,33829,630764
"M19LN2_75_1.txt",14410,507,14020
"M19LUNG_75_1.txt",895421,30682,866516
"M19S_75_1.txt",812434,27517,805184
"M19SKIN1_75_1.txt",826486,33448,811006
"M19SKIN2_75_1.txt",1616012,54922,1545303
"M19SKIN3_75_1.txt",1600082,67099,1545966
"M19SKIN4_75_1.txt",879803,31915,850500
"M19SKIN5_75_1.txt",760069,26229,744555
"M19SKIN6_75_1.txt",1243430,44038,1214505
"M1BM1_75_1.txt",1440174,50317,1422513
"M1BM2_75_1.txt",1393006,49055,1378176
"M1GUT_75_1.txt",451131,15247,447579
"M1L_75_1.txt",1882873,65697,1857586
"M1LN1_75_1.txt",842272,31368,819257
"M1LN2_75_1.txt",745276,37386,696575
"M1LUNG_75_1.txt",1085483,42646,1057707
"M1S_75_1.txt",73795,2418,73352
"M1SKIN1_75_1.txt",875605,29599,849266
"M1SKIN10_75_1.txt",794854,27227,791489
"M1SKIN11_75_1.txt",755151,33274,732858
"M1SKIN12_75_1.txt",777063,27228,759722
"M1SKIN2_75_1.txt",722465,24043,684646
"M1SKIN3_75_1.txt",752986,26008,723642
"M1SKIN4_75_1.txt",876903,30161,832090
"M1SKIN5_75_1.txt",709040,24888,680843
"M1SKIN6_75_1.txt",836339,30893,782672
"M1SKIN7_75_1.txt",1088702,37082,1068522
"M1SKIN8_75_1.txt",1516261,55860,1489825
"M1SKIN9_75_1.txt",677270,24235,663771
"M20BM1_75_1.txt",737990,25903,725715
"M20BM2_75_1.txt",899014,30358,890020
"M20GUT_75_1.txt",1997,77,1833
"M20L_75_1.txt",1106211,36409,1085084
"M20LN1_75_1.txt",1074014,61814,1024896
"M20LN2_75_1.txt",20592,614,20229
"M20LUNG_75_1.txt",149376,4839,143067
"M20S_75_1.txt",1137160,36001,1122901
"M20SKIN1_75_1.txt",863915,32934,816386
"M20SKIN2_75_1.txt",1178096,46924,1150195
"M20SKIN3_75_1.txt",1006883,41251,976704
"M20SKIN4_75_1.txt",1189657,46160,1157406
"M20SKIN5_75_1.txt",773693,25922,761080
"M20SKIN6_75_1.txt",1208690,46635,1188171
"M21BM1_75_1.txt",805356,32802,797523
"M21BM2_75_1.txt",1338522,49342,1330704
"M21GUT_75_1.txt",104859,3362,104618
"M21L_75_1.txt",774737,26015,769450
"M21LN1_75_1.txt",708575,23394,706765
"M21LN2_75_1.txt",346784,11086,346348
"M21LUNG_75_1.txt",864930,29130,822039
"M21S_75_1.txt",4115,146,3848
"M21SKIN1_75_1.txt",921605,45023,866286
"M21SKIN10_75_1.txt",1646102,60412,1586576
"M21SKIN11_75_1.txt",1090886,41693,1058010
"M21SKIN12_75_1.txt",1437998,73349,1398013
"M21SKIN2_75_1.txt",794240,26996,788503
"M21SKIN3_75_1.txt",1247040,48931,1218699
"M21SKIN4_75_1.txt",939500,35068,914000
"M21SKIN5_75_1.txt",928455,47675,896754
"M21SKIN6_75_1.txt",911962,30993,893824
"M21SKIN7_75_1.txt",726907,27712,707110
"M21SKIN8_75_1.txt",749096,24742,724385
"M21SKIN9_75_1.txt",1458876,56922,1416844
"M22BM1_75_1.txt",785620,27020,779471
"M22BM2_75_1.txt",1012382,34070,1000674
"M22GUT_75_1.txt",2290,72,2180
"M22L_75_1.txt",1237403,43996,1222608
"M22LN1_75_1.txt",976705,33877,938812
"M22LN2_75_1.txt",767351,25132,760270
"M22LUNG_75_1.txt",799994,26497,791312
"M22S_75_1.txt",1681479,56638,1657640
"M22SKIN1_75_1.txt",908891,36656,897263
"M22SKIN10_75_1.txt",760711,26201,759040
"M22SKIN11_75_1.txt",743238,27149,740455
"M22SKIN12_75_1.txt",1253642,43062,1195881
"M22SKIN2_75_1.txt",857386,30388,822860
"M22SKIN3_75_1.txt",792319,27282,772379
"M22SKIN4_75_1.txt",813264,43628,805997
"M22SKIN5_75_1.txt",933011,32357,905105
"M22SKIN6_75_1.txt",3912,140,3466
"M22SKIN7_75_1.txt",663092,22104,660434
"M22SKIN8_75_1.txt",812587,34745,780804
"M22SKIN9_75_1.txt",841323,29215,834450
"M23BM1_75_1.txt",940805,31365,933749
"M23BM2_75_1.txt",846450,28608,840236
"M23GUT_75_1.txt",400938,12697,400394
"M23L_75_1.txt",951492,31874,939283
"M23LN1_75_1.txt",721689,24263,696786
"M23LN2_75_1.txt",746863,24300,735530
"M23LUNG_75_1.txt",852720,41804,849233
"M23S_75_1.txt",872499,27748,865842
"M23SKIN1_75_1.txt",823758,30769,803633
"M23SKIN10_75_1.txt",904540,32314,816188
"M23SKIN11_75_1.txt",919609,80928,892407
"M23SKIN12_75_1.txt",1093022,38084,1089828
"M23SKIN2_75_1.txt",833688,28529,823453
"M23SKIN3_75_1.txt",489143,26775,465989
"M23SKIN4_75_1.txt",1548902,54918,1504525
"M23SKIN5_75_1.txt",831958,39311,813750
"M23SKIN6_75_1.txt",1915403,68797,1878861
"M23SKIN7_75_1.txt",802113,29902,786664
"M23SKIN8_75_1.txt",739807,25258,704620
"M23SKIN9_75_1.txt",911295,31792,907051
"M24BM1_75_1.txt",982777,34600,974769
"M24BM2_75_1.txt",843161,29026,836636
"M24GUT_75_1.txt",840130,29150,825980
"M24L_75_1.txt",878597,30798,858086
"M24LN1_75_1.txt",1074581,39682,1058510
"M24LN2_75_1.txt",821054,28594,811997
"M24LUNG_75_1.txt",884544,30320,874118
"M24S_75_1.txt",1325178,42897,1309920
"M24SKIN1_75_1.txt",1439237,58076,1390047
"M24SKIN10_75_1.txt",1842130,68389,1832085
"M24SKIN11_75_1.txt",961394,45466,920814
"M24SKIN12_75_1.txt",1190112,56545,1149482
"M24SKIN2_75_1.txt",787389,26999,748404
"M24SKIN3_75_1.txt",361607,18895,356537
"M24SKIN4_75_1.txt",744532,25942,723907
"M24SKIN5_75_1.txt",675884,32342,672106
"M24SKIN6_75_1.txt",1137328,40664,1104480
"M24SKIN7_75_1.txt",891962,31422,876776
"M24SKIN8_75_1.txt",861867,34691,837825
"M24SKIN9_75_1.txt",2388644,88191,2317615
"M25BM1_75_1.txt",683605,23344,679526
"M25BM2_75_1.txt",843429,27907,837050
"M25GUT_75_1.txt",1811,50,1626
"M25L_75_1.txt",556771,18175,556000
"M25LN1_75_1.txt",697665,23820,694505
"M25LN2_75_1.txt",735218,24079,690310
"M25LUNG_75_1.txt",823430,35549,787811
"M25S_75_1.txt",292280,9019,290314
"M25SKIN1_75_1.txt",789764,47443,760723
"M25SKIN10_75_1.txt",898860,36480,817712
"M25SKIN11_75_1.txt",1134876,40524,1102007
"M25SKIN12_75_1.txt",1543086,54489,1474718
"M25SKIN2_75_1.txt",2185829,113377,2128620
"M25SKIN3_75_1.txt",306938,10983,290342
"M25SKIN4_75_1.txt",963584,32368,960788
"M25SKIN5_75_1.txt",1898606,65261,1849931
"M25SKIN6_75_1.txt",1050344,35691,1008969
"M25SKIN7_75_1.txt",841430,29654,819067
"M25SKIN8_75_1.txt",982011,35368,948471
"M25SKIN9_75_1.txt",1253985,47340,1177953
"M2BM1_75_1.txt",1445311,48609,1426409
"M2BM2_75_1.txt",1020962,35176,1011574
"M2GUT_75_1.txt",3572,121,3265
"M2L_75_1.txt",1882371,63422,1860729
"M2LN1_75_1.txt",906470,36197,875641
"M2LN2_75_1.txt",753977,30763,721277
"M2LUNG_75_1.txt",666910,22478,661773
"M2S_75_1.txt",682569,22499,676937
"M2SKIN1_75_1.txt",807619,27372,806425
"M2SKIN10_75_1.txt",736204,83944,676477
"M2SKIN11_75_1.txt",711700,24334,699419
"M2SKIN12_75_1.txt",863011,35264,846529
"M2SKIN2_75_1.txt",606828,21158,600893
"M2SKIN3_75_1.txt",530775,25324,512608
"M2SKIN4_75_1.txt",935230,33704,824141
"M2SKIN5_75_1.txt",777583,29932,760074
"M2SKIN6_75_1.txt",405146,13571,403532
"M2SKIN7_75_1.txt",993435,34165,964762
"M2SKIN8_75_1.txt",728411,24897,725481
"M2SKIN9_75_1.txt",623640,22470,614690
"M3BM1_75_1.txt",993377,38223,978638
"M3BM2_75_1.txt",1089552,37259,1080259
"M3GUT_75_1.txt",14824,511,14506
"M3L_75_1.txt",1817737,61106,1793120
"M3LN1_75_1.txt",118426,4043,118141
"M3LN2_75_1.txt",754725,30821,741227
"M3LUNG_75_1.txt",749572,25646,743053
"M3S_75_1.txt",3732,122,3337
"M3SKIN1_75_1.txt",757766,25546,731601
"M3SKIN10_75_1.txt",816230,28563,783760
"M3SKIN11_75_1.txt",616079,20950,611616
"M3SKIN12_75_1.txt",880536,38834,859761
"M3SKIN2_75_1.txt",703987,24276,695113
"M3SKIN3_75_1.txt",498405,17012,495861
"M3SKIN4_75_1.txt",863294,30572,828438
"M3SKIN5_75_1.txt",707030,23714,705358
"M3SKIN6_75_1.txt",788939,27184,777227
"M3SKIN7_75_1.txt",783413,26834,755185
"M3SKIN8_75_1.txt",779230,29950,737589
"M3SKIN9_75_1.txt",630965,41763,621917
"M5BM1_75_1.txt",1647183,56275,1623702
"M5BM2_75_1.txt",1344146,44352,1328844
"M5GUT_75_1.txt",3183,99,2858
"M5L_75_1.txt",1602548,51542,1583154
"M5LN1_75_1.txt",661845,21833,653808
"M5LN2_75_1.txt",699577,22408,693183
"M5LUNG_75_1.txt",727226,29294,721261
"M5S_75_1.txt",1765092,59051,1740660
"M5SKIN1_75_1.txt",760331,26011,746499
"M5SKIN10_75_1.txt",932162,43954,916229
"M5SKIN11_75_1.txt",733800,24947,732399
"M5SKIN12_75_1.txt",965535,32956,930173
"M5SKIN2_75_1.txt",1133582,41573,1117335
"M5SKIN3_75_1.txt",755752,26129,754540
"M5SKIN4_75_1.txt",838691,29354,798676
"M5SKIN5_75_1.txt",757309,40499,756107
"M5SKIN6_75_1.txt",999858,37756,973409
"M5SKIN7_75_1.txt",826396,27479,799985
"M5SKIN8_75_1.txt",866106,38481,860343
"M5SKIN9_75_1.txt",950848,39578,935116
"M6BM1_75_1.txt",787005,25841,779040
"M6BM2_75_1.txt",795260,27174,789341
"M6GUT_75_1.txt",113828,3583,113626
"M6L_75_1.txt",6708,209,6479
"M6LN1_75_1.txt",707813,24217,706113
"M6LN2_75_1.txt",843444,27880,827209
"M6LUNG_75_1.txt",622278,21671,619304
"M6S_75_1.txt",32759,1184,32529
"M7BM1_75_1.txt",1080703,36878,1071390
"M7BM2_75_1.txt",1427978,47055,1414589
"M7GUT_75_1.txt",27323,863,27221
"M7L_75_1.txt",542566,17912,538386
"M7LN1_75_1.txt",116034,4036,115455
"M7LN2_75_1.txt",127986,4167,127742
"M7LUNG_75_1.txt",823602,49691,786915
"M7S_75_1.txt",735891,23824,730039
"M8BM1_75_1.txt",1243978,42835,1232112
"M8BM2_75_1.txt",1352789,44573,1342262
"M8GUT_75_1.txt",10346,342,10252
"M8L_75_1.txt",3569,127,3414
"M8LN1_75_1.txt",774465,26045,768812
"M8LN2_75_1.txt",729653,23918,713944
"M8LUNG_75_1.txt",704563,122824,701634
"M8S_75_1.txt",903763,28773,897120
"M9BM1_75_1.txt",883497,31789,874217
"M9BM2_75_1.txt",562364,18084,557481
"M9GUT_75_1.txt",1840,51,1754
"M9L_75_1.txt",584446,19655,583757
"M9LN1_75_1.txt",60666,2068,60203
"M9LN2_75_1.txt",28574,992,28056
"M9LUNG_75_1.txt",698419,23167,607637
"M9S_75_1.txt",200341,6781,198460
